{
  "total_samples": 5,
  "num_z_candidates": 500,
  "average_relative_error": 0.022872548550367355,
  "accuracy": 0.9771274328231812,
  "average_best_nmse": 0.32220726935210353,
  "nmse_statistics": {
    "min": 0.2097954036858271,
    "max": 0.5032479223851974,
    "mean": 0.32220726935210353,
    "std": 0.103451994633585,
    "median": 0.2817650555348229
  },
  "detailed_results": [
    {
      "real_x": [
        3.756999969482422,
        4.552000045776367,
        4.125,
        3.114000082015991,
        2.8929998874664307
      ],
      "predicted_x": [
        3.707714557647705,
        4.524068832397461,
        4.2121477127075195,
        3.0738821029663086,
        2.866267204284668
      ],
      "relative_errors": [
        0.013118289411067963,
        0.00613603089004755,
        0.02112671732902527,
        0.012883101589977741,
        0.009240471757948399
      ],
      "best_nmse": 0.2817650555348229,
      "best_z_idx": 0
    },
    {
      "real_x": [
        3.809000015258789,
        4.261300086975098,
        3.906899929046631,
        3.2778000831604004,
        2.9600000381469727
      ],
      "predicted_x": [
        3.8459882736206055,
        4.39488410949707,
        4.066603660583496,
        3.2611894607543945,
        2.9292290210723877
      ],
      "relative_errors": [
        0.009710753336548805,
        0.03134818375110626,
        0.04087735339999199,
        0.0050676129758358,
        0.010395613498985767
      ],
      "best_nmse": 0.2530385059455343,
      "best_z_idx": 0
    },
    {
      "real_x": [
        3.982599973678589,
        4.536600112915039,
        3.9072999954223633,
        2.908900022506714,
        2.8355000019073486
      ],
      "predicted_x": [
        3.8828835487365723,
        4.501750946044922,
        4.057204723358154,
        3.014951229095459,
        2.8418796062469482
      ],
      "relative_errors": [
        0.02503802254796028,
        0.007681780494749546,
        0.03836529701948166,
        0.03645749390125275,
        0.002249904442578554
      ],
      "best_nmse": 0.2097954036858271,
      "best_z_idx": 0
    },
    {
      "real_x": [
        3.6398000717163086,
        4.503799915313721,
        3.908099889755249,
        3.126199960708618,
        3.0002999305725098
      ],
      "predicted_x": [
        3.7293612957000732,
        4.516082286834717,
        4.14459228515625,
        3.143427848815918,
        3.0232696533203125
      ],
      "relative_errors": [
        0.02460608258843422,
        0.002727112965658307,
        0.06051339581608772,
        0.00551080796867609,
        0.007655808702111244
      ],
      "best_nmse": 0.3631894592091357,
      "best_z_idx": 0
    },
    {
      "real_x": [
        3.5485000610351562,
        4.321499824523926,
        3.90939998626709,
        3.0608999729156494,
        2.799099922180176
      ],
      "predicted_x": [
        3.571007490158081,
        4.543211936950684,
        4.3048601150512695,
        3.0385384559631348,
        2.701145887374878
      ],
      "relative_errors": [
        0.006342800799757242,
        0.05130443722009659,
        0.10115621984004974,
        0.007305536884814501,
        0.034994833171367645
      ],
      "best_nmse": 0.5032479223851974,
      "best_z_idx": 0
    }
  ]
}