{
  "model_config": {
    "hidden_dim": 104,
    "num_blocks": 9,
    "num_stages": 3,
    "num_cycles_per_stage": 2,
    "ratio_toZ_after_flowstage": 0.6540162818070427,
    "ratio_x1_x2_inAffine": 0.5816437692469725
  },
  "training_params": {
    "batch_size": 32,
    "gradient_accumulation_steps": 1,
    "learning_rate": 0.0005452008335396878,
    "weight_decay": 1.7130731509924992e-06,
    "clip_value": 0.5,
    "num_epochs": 200,
    "loss_weights": {
      "weight_y": 0.21745801953492716,
      "weight_x": 0.17270257896844063,
      "weight_z": 0.2534696848821336
    }
  },
  "data_params": {
    "normalization_method": "robust"
  }
}