{
  "input_file": "data/S Parameter Plot1perfect.csv",
  "model_dir": "model_checkpoints_rinn/rinn_correct_structure_20260210_112739",
  "num_samples": 3,
  "random_seed": 42,
  "generation_time": "2026-02-10 11:38:39",
  "generated_x_samples": [
    [
      3.6588215200074714,
      4.421795716500656,
      3.861800578580329,
      3.175139457372789,
      2.8346454874933755
    ],
    [
      3.735024464723226,
      4.476982506008317,
      4.022009726513332,
      3.0937517478534406,
      2.8962891300352727
    ],
    [
      3.832436306561817,
      4.422231636780452,
      4.219079241118777,
      2.969199256014541,
      2.844997062837253
    ]
  ],
  "z_samples": [
    [
      0.49671414494514465,
      -0.13826429843902588,
      0.6476885676383972,
      1.5230298042297363,
      -0.2341533750295639
    ],
    [
      -0.23413695394992828,
      1.5792127847671509,
      0.7674347162246704,
      -0.4694743752479553,
      0.5425600409507751
    ],
    [
      -0.4634176790714264,
      -0.4657297432422638,
      0.241962268948555,
      -1.9132802486419678,
      -1.7249178886413574
    ]
  ],
  "standard_x": [
    3.757,
    4.552,
    4.125,
    3.114,
    2.893
  ],
  "error_analysis": {
    "param_avg_abs_err": [
      0.06519677394370671,
      0.11166338023685807,
      0.15342297867503873,
      0.07539615116826918,
      0.03654885990154799
    ],
    "param_avg_rel_err": [
      1.7353413300551657,
      2.4530619506052695,
      3.7193449285601035,
      2.4211994517067836,
      1.2633549870450222
    ],
    "sample_avg_rel_err": [
      3.1669298429190524,
      1.0987187269990968,
      2.6897330188652577
    ],
    "best_sample_idx": 1,
    "best_sample_err": 1.0987187269990968
  },
  "validation_results": [
    0.09345304244995326,
    0.01619414992221219,
    0.09642146097033859
  ]
}