{
  "input_file": "data/S Parameter Plot1perfect.csv",
  "model_dir": "model_checkpoints_rinn/rinn_correct_structure_20260211_173912",
  "num_samples": 3,
  "random_seed": 42,
  "generation_time": "2026-02-11 17:49:13",
  "generated_x_samples": [
    [
      3.748172303474413,
      4.617598531712055,
      4.200271273735835,
      3.157796562448396,
      2.8861446073846206
    ],
    [
      3.7820717511780284,
      4.518858329554105,
      4.152698994377043,
      3.159571142813988,
      2.8883303367701654
    ],
    [
      3.760621207818349,
      4.318212434866368,
      4.091127015756051,
      3.2063941531034423,
      2.9214425371894874
    ]
  ],
  "z_samples": [
    [
      0.49671414494514465,
      -0.13826429843902588,
      0.6476885676383972,
      1.5230298042297363,
      -0.2341533750295639
    ],
    [
      -0.23413695394992828,
      1.5792127847671509,
      0.7674347162246704,
      -0.4694743752479553,
      0.5425600409507751
    ],
    [
      -0.4634176790714264,
      -0.4657297432422638,
      0.241962268948555,
      -1.9132802486419678,
      -1.7249178886413574
    ]
  ],
  "standard_x": [
    3.757,
    4.552,
    4.125,
    3.114,
    2.893
  ],
  "error_analysis": {
    "param_avg_abs_err": [
      0.012506885173988161,
      0.11084258909719402,
      0.0456144174522756,
      0.06058728612194223,
      0.01332253101156707
    ],
    "param_avg_rel_err": [
      0.33289553209205774,
      2.435030510845584,
      1.1058040567683685,
      1.9456418088432261,
      0.46050919341569835
    ],
    "sample_avg_rel_err": [
      1.0288445601473486,
      0.738346751388842,
      2.0007373496427703
    ],
    "best_sample_idx": 1,
    "best_sample_err": 0.738346751388842
  },
  "validation_results": [
    0.012771541901114018,
    0.011549459269034154,
    0.03543243586382686
  ]
}