{
  "test_samples": 6,
  "mse": 11.082034861849875,
  "mae": 1.496725621799778,
  "mape": 1287.923439762837,
  "timestamp": "2026-01-04 10:06:29"
}