{
  "timestamp": "20260226_172905",
  "model_config": {
    "input_dim": 106,
    "hidden_dim": 64,
    "num_blocks": 8,
    "num_stages": 3,
    "num_cycles_per_stage": 3,
    "ratio_toZ_after_flowstage": 0.196032,
    "ratio_x1_x2_inAffine": 0.485378
  },
  "training_params": {
    "batch_size": 32,
    "gradient_accumulation_steps": 1,
    "learning_rate": 0.000387,
    "weight_decay": 1.457613e-06,
    "clip_value": 0.5,
    "num_epochs": 200,
    "loss_weights": {
      "weight_y": 0.631946,
      "weight_x": 0.885091,
      "weight_z": 0.134548
    }
  },
  "data_info": {
    "train_samples": 500,
    "val_samples": 5,
    "x_dim": 5,
    "y_dim": 101,
    "z_dim": 5,
    "left_input_dim": 106,
    "right_input_dim": 106,
    "normalization_method": "robust",
    "x_mean": [
      3.7472000122070312,
      4.456850051879883,
      4.142999649047852,
      3.1620001792907715,
      2.952549934387207
    ],
    "x_std": [
      0.24714994430541992,
      0.24724960327148438,
      0.2553253173828125,
      0.2479250431060791,
      0.22550010681152344
    ],
    "y_mean": [
      -0.0029216913638823944,
      -0.003407404424441909,
      -0.004342980114794594,
      -0.005411812720975494,
      -0.007064137017891983,
      -0.009062792676520395,
      -0.01182005538745207,
      -0.015168223004025674,
      -0.019688227103652416,
      -0.02517042532122119,
      -0.033741031845169155,
      -0.04258253973423145,
      -0.056497570337130765,
      -0.07405786251333576,
      -0.09951079859185065,
      -0.13494343212334925,
      -0.1775733558942409,
      -0.2277761917657326,
      -0.2969933184597828,
      -0.3780134688311708,
      -0.473655644876642,
      -0.6378848930081308,
      -0.733995816947751,
      -0.9026193362833841,
      -1.096201208865157,
      -1.3500597754004304,
      -1.5659408008698192,
      -1.9530762866208702,
      -2.4409365970651136,
      -2.825949925375765,
      -3.3569783135078737,
      -3.730530332310014,
      -4.38582078650779,
      -4.810809048254178,
      -4.78847006044956,
      -4.958020879735964,
      -5.27227609893435,
      -5.616527417392365,
      -6.018885686350533,
      -6.57175171439413,
      -7.062883090680689,
      -7.158586782455266,
      -7.303652747097749,
      -7.372567035744343,
      -7.074636114039518,
      -7.1853591239683405,
      -7.1776775606544065,
      -7.5482121974157605,
      -7.5192769042997565,
      -7.394057779420176,
      -7.386676483774342,
      -7.496329732434919,
      -7.662650940190029,
      -7.6312229806672836,
      -7.265604936526064,
      -7.062764551387312,
      -7.0636173269029054,
      -6.982375837652439,
      -6.640415910343276,
      -6.315659791565635,
      -5.8155295258993265,
      -5.555557213335307,
      -5.208911814814579,
      -4.733084681149318,
      -4.379045841292666,
      -3.9037104110201923,
      -3.5720032205232424,
      -3.2200442365345214,
      -2.820819836047373,
      -2.494847693499681,
      -2.182457354616235,
      -1.9942248411082573,
      -1.7483261932403344,
      -1.5703419792180586,
      -1.472677829888194,
      -1.3598852884761312,
      -1.2272594186067103,
      -1.0227551862106021,
      -0.8523754685471536,
      -0.6946643808770836,
      -0.5950548774728921,
      -0.5145825983572758,
      -0.4188745295413662,
      -0.3394541845539014,
      -0.2760403758130553,
      -0.22903001947429055,
      -0.18896777751644978,
      -0.16235777581059668,
      -0.1401826470180029,
      -0.11770806463505248,
      -0.09914186364940752,
      -0.08646949787196631,
      -0.07694712654721989,
      -0.06596869580287482,
      -0.05799499379232518,
      -0.05074748043330673,
      -0.04468659684966656,
      -0.04093850510443581,
      -0.03622825753629719,
      -0.032072526462610815,
      -0.030117434274515922
    ],
    "y_std": [
      0.013821286315849543,
      0.01743661608122322,
      0.023123233970894316,
      0.03041973744213068,
      0.04082281379714616,
      0.05670283018550459,
      0.08087809702471242,
      0.11145442954868715,
      0.15101614357124468,
      0.22885391306571398,
      0.35489762556795473,
      0.5237261333553281,
      0.7482777558070346,
      1.0763868318914318,
      1.1379167410412794,
      1.3432371467262516,
      1.711339030980245,
      2.0390701953197574,
      2.243638740374631,
      2.576151649378311,
      2.876627630807609,
      3.088721834157393,
      3.4847839523219903,
      4.369319932900794,
      4.959042498051369,
      5.812569895003224,
      6.577131228584788,
      7.180500069035605,
      7.777088486157493,
      8.787613511190909,
      8.558323309137855,
      9.243951844063407,
      9.679317541732205,
      9.058018270161755,
      9.609458922148947,
      9.627097380677036,
      9.652699942750326,
      9.704339105356294,
      9.880513397325512,
      10.157621761662075,
      9.947498550134664,
      10.208407824957357,
      9.94815290345403,
      10.252941846030678,
      10.300169719071652,
      9.855006153321327,
      9.888490191289883,
      10.058970282202893,
      10.303167414489668,
      10.45121116942208,
      10.866475146095334,
      11.449665906927873,
      10.588096190296845,
      10.89191533929284,
      11.254400111711032,
      11.1589283398106,
      11.238190975381782,
      11.092508158827766,
      10.545948928687745,
      10.424123303012301,
      10.468151610507217,
      10.180101118410175,
      10.2330888295653,
      9.561351928259825,
      9.16493613798101,
      8.76145208888778,
      8.118302571693569,
      7.789392675056397,
      7.587868778480877,
      7.58751567406528,
      6.978758486736345,
      6.420384413040794,
      5.619044099815189,
      5.200676246239517,
      4.99453764654404,
      4.850316997843607,
      4.2183983434545285,
      4.120744139199538,
      3.932598539833001,
      3.8691045476027415,
      3.58621353845011,
      3.247180135566596,
      2.8532382751735073,
      2.711326589748066,
      2.348884393549303,
      1.8901384670606165,
      1.7090718911577603,
      1.3198741996080012,
      1.0587094840860782,
      0.779690314051635,
      0.5963237149424814,
      0.4880753957040225,
      0.3787292814413145,
      0.3167148734400734,
      0.26729849839827025,
      0.2206971841764143,
      0.1847485604385189,
      0.150538662725708,
      0.1290749061318829,
      0.11234622080547464,
      0.09177313542286294
    ]
  }
}