{
  "total_samples": 5,
  "num_z_candidates": 500,
  "average_relative_error": 0.04505785554647446,
  "accuracy": 0.9549421668052673,
  "average_best_nmse": 1.5890091536798052,
  "nmse_statistics": {
    "min": 0.08432994789331393,
    "max": 7.335287902694787,
    "mean": 1.5890091536798052,
    "std": 2.8736269129873206,
    "median": 0.16616513900592075
  },
  "detailed_results": [
    {
      "real_x": [
        3.756999969482422,
        4.552000045776367,
        4.125,
        3.114000082015991,
        2.8929998874664307
      ],
      "predicted_x": [
        3.7932770252227783,
        4.502450942993164,
        4.134230136871338,
        3.1239254474639893,
        2.932983636856079
      ],
      "relative_errors": [
        0.00965585745871067,
        0.010885127820074558,
        0.002237608889117837,
        0.0031873362604528666,
        0.013820861466228962
      ],
      "best_nmse": 0.1175719560105277,
      "best_z_idx": 360
    },
    {
      "real_x": [
        3.809000015258789,
        4.261300086975098,
        3.906899929046631,
        3.2778000831604004,
        2.9600000381469727
      ],
      "predicted_x": [
        3.84842586517334,
        4.40920877456665,
        4.070321559906006,
        3.238403081893921,
        2.9737236499786377
      ],
      "relative_errors": [
        0.010350708849728107,
        0.03470975533127785,
        0.041828978806734085,
        0.012019342742860317,
        0.004636355210095644
      ],
      "best_nmse": 0.2416908227944764,
      "best_z_idx": 81
    },
    {
      "real_x": [
        3.982599973678589,
        4.536600112915039,
        3.9072999954223633,
        2.908900022506714,
        2.8355000019073486
      ],
      "predicted_x": [
        3.9056618213653564,
        4.4360432624816895,
        4.141880989074707,
        3.0303611755371094,
        2.9223849773406982
      ],
      "relative_errors": [
        0.01931857317686081,
        0.022165685892105103,
        0.06003659591078758,
        0.041755009442567825,
        0.03064185380935669
      ],
      "best_nmse": 0.16616513900592075,
      "best_z_idx": 424
    },
    {
      "real_x": [
        3.6398000717163086,
        4.503799915313721,
        3.908099889755249,
        3.126199960708618,
        3.0002999305725098
      ],
      "predicted_x": [
        3.737075090408325,
        4.478953838348389,
        3.9993438720703125,
        3.189035177230835,
        2.951889753341675
      ],
      "relative_errors": [
        0.026725374162197113,
        0.005516692064702511,
        0.02334740199148655,
        0.020099550485610962,
        0.016135113313794136
      ],
      "best_nmse": 0.08432994789331393,
      "best_z_idx": 218
    },
    {
      "real_x": [
        3.5485000610351562,
        4.321499824523926,
        3.90939998626709,
        3.0608999729156494,
        2.799099922180176
      ],
      "predicted_x": [
        2.5306310653686523,
        4.5081024169921875,
        4.29107666015625,
        3.5146114826202393,
        2.4030580520629883
      ],
      "relative_errors": [
        0.2868448495864868,
        0.04318005219101906,
        0.09763050079345703,
        0.14822813868522644,
        0.14148901402950287
      ],
      "best_nmse": 7.335287902694787,
      "best_z_idx": 61
    }
  ]
}