{
  "timestamp": "20260216_152415",
  "model_config": {
    "input_dim": 207,
    "hidden_dim": 64,
    "num_blocks": 8,
    "num_stages": 3,
    "num_cycles_per_stage": 2,
    "ratio_toZ_after_flowstage": 0.194,
    "ratio_x1_x2_inAffine": 0.12
  },
  "training_params": {
    "batch_size": 32,
    "gradient_accumulation_steps": 1,
    "learning_rate": 0.000261,
    "weight_decay": 1.1e-06,
    "clip_value": 0.5,
    "num_epochs": 200,
    "loss_weights": {
      "weight_y": 1.955,
      "weight_x": 0.849,
      "weight_z": 0.185
    }
  },
  "data_info": {
    "train_samples": 201,
    "val_samples": 300,
    "x_dim": 5,
    "y_dim": 202,
    "z_dim": 5,
    "left_input_dim": 207,
    "right_input_dim": 207,
    "normalization_method": "robust",
    "x_mean": [
      3.743799924850464,
      4.458000183105469,
      4.14709997177124,
      3.180000066757202,
      2.94350004196167
    ],
    "x_std": [
      0.26359987258911133,
      0.2329998016357422,
      0.24560022354125977,
      0.2551999092102051,
      0.22259998321533203
    ],
    "y_mean": [
      0.266115499119692,
      0.236231433358048,
      0.195042376369844,
      0.141562620337189,
      0.0914191660884048,
      0.0477246294861108,
      0.00195578084460556,
      -0.0388189526768237,
      -0.0839754700534372,
      -0.123011168334878,
      -0.111122495430863,
      -0.160520535312181,
      -0.171486497228199,
      -0.215110272998844,
      -0.253499589723579,
      -0.265068664330739,
      -0.31126726358281,
      -0.348894370256879,
      -0.388938104261882,
      -0.412314415308901,
      -0.36589482216834,
      -0.359530017279248,
      -0.366014264984215,
      -0.377214054479919,
      -0.337797728751027,
      -0.364620142635972,
      -0.329004745256862,
      -0.307832173755873,
      -0.290663967444185,
      -0.248205448013362,
      -0.236430180870005,
      -0.214885119498092,
      -0.160850749391128,
      -0.128824346651579,
      -0.102051607069362,
      -0.0471028139400181,
      -0.0337626111974832,
      -0.00945487468887834,
      0.00269122833659757,
      0.00600655356747974,
      0.0123156735931805,
      0.00756196222600037,
      0.0152795124949621,
      0.0114230710825087,
      0.0327994710717845,
      0.0087642502769127,
      0.00159907010373279,
      0.00578517816846501,
      -0.00762339582354866,
      -0.0133157430614006,
      -0.0096224130979965,
      -0.0163035205733145,
      -0.0320672330166382,
      -0.0229469492391255,
      -0.0184616665305149,
      -0.0159948769801358,
      -0.0200175738227517,
      -0.0034431171183147,
      -0.0034948952842512,
      -0.00738973255299256,
      0.00195004275356324,
      0.0094997329721603,
      0.0112557099065723,
      0.0318153841550218,
      0.0478989531192925,
      0.0222307546001895,
      0.0229983872833629,
      0.0424526645608404,
      0.0692749939396992,
      0.0911452758137313,
      0.15814426670436,
      0.165168363302234,
      0.203969825126231,
      0.22613905620896,
      0.244903652949657,
      0.279563112280764,
      0.27383131592397,
      0.285803004910838,
      0.300541951332189,
      0.292733987859571,
      0.336421664916993,
      0.353287945701687,
      0.429681996765627,
      0.476273075081826,
      0.535227625121699,
      0.577446836697881,
      0.635702266461963,
      0.680172214003405,
      0.730290764272505,
      0.766148899357276,
      0.79971608388531,
      0.842764085574609,
      0.876222257061347,
      0.893889484035987,
      0.921770606711865,
      0.941488034366221,
      0.951795169397481,
      0.953092680076017,
      0.952144459574834,
      0.954455014957397,
      0.959478798741634,
      -0.930770940634126,
      -0.938037861102972,
      -0.943183546740534,
      -0.946627543270013,
      -0.945270334283112,
      -0.944642865151679,
      -0.941377135866232,
      -0.940817930730451,
      -0.941730409368037,
      -0.937542110641816,
      -0.927208642790512,
      -0.917122921302332,
      -0.89060723595111,
      -0.858180229371801,
      -0.820204601497014,
      -0.780223120367311,
      -0.730979855079425,
      -0.686390608431919,
      -0.620871986696713,
      -0.558519576476729,
      -0.511150240393306,
      -0.481765933417305,
      -0.430736850116363,
      -0.374234883841036,
      -0.290908653691338,
      -0.250543091464015,
      -0.163465595516394,
      -0.0909262531266227,
      -0.0428820100804501,
      -0.0341879153401433,
      -0.0125358222931647,
      0.00572099318439564,
      0.0282193226992788,
      0.00816882107072952,
      0.0114744290230247,
      0.044300871198301,
      0.0293270142488548,
      0.0157638559318116,
      0.0228937093361964,
      0.0186024522443087,
      -0.00426280264716442,
      0.00140505906741511,
      0.0160148237290357,
      -0.00485251445222917,
      -0.0208941565695302,
      -0.0216215168852882,
      -0.016833965818504,
      -0.012976375731252,
      -0.0302830661894299,
      -0.035335294185268,
      -0.0210736072766658,
      -0.0144360652583718,
      -0.00125102789678971,
      0.00357395706957842,
      0.00832219518180669,
      0.0121579288156257,
      0.0444782439782325,
      0.0639119836310969,
      0.0682596214377494,
      0.086962730816708,
      0.131473151355161,
      0.184131232279285,
      0.209370912617459,
      0.228915499111694,
      0.252780869353508,
      0.266627378878991,
      0.254436772268113,
      0.283711629408197,
      0.293452450055145,
      0.31540885711116,
      0.324676434487226,
      0.330650370259587,
      0.361253440883805,
      0.365949011081753,
      0.3770027562749,
      0.391001291189844,
      0.381872613782034,
      0.437609570671268,
      0.437557297187862,
      0.455173124413745,
      0.480708040675837,
      0.476629274233054,
      0.504725877051072,
      0.486731038701255,
      0.525749662814925,
      0.525028229210678,
      0.498559546365921,
      0.512483100192174,
      0.482895513100832,
      0.458540486159189,
      0.423248250775299,
      0.389493362259163,
      0.354129093351183,
      0.340400868672871,
      0.331234446744136,
      0.311579760989235,
      0.275934490561681,
      0.227609001706208,
      0.190471874853175,
      0.138275794157468,
      0.103214461903292
    ],