{
  "total_samples": 5,
  "num_z_candidates": 500,
  "average_relative_error": 0.024347728118300438,
  "accuracy": 0.975652277469635,
  "average_best_nmse": 0.5053198247663493,
  "nmse_statistics": {
    "min": 0.19262360728798503,
    "max": 0.6616236425656729,
    "mean": 0.5053198247663493,
    "std": 0.17315226387191657,
    "median": 0.553406372034723
  },
  "detailed_results": [
    {
      "real_x": [
        3.756999969482422,
        4.552000045776367,
        4.125,
        3.114000082015991,
        2.8929998874664307
      ],
      "predicted_x": [
        3.7972397804260254,
        4.571601390838623,
        3.9064621925354004,
        2.9651405811309814,
        2.8493025302886963
      ],
      "relative_errors": [
        0.010710623115301132,
        0.004306095186620951,
        0.05297886207699776,
        0.047803305089473724,
        0.015104513615369797
      ],
      "best_nmse": 0.4606766739378899,
      "best_z_idx": 0
    },
    {
      "real_x": [
        3.809000015258789,
        4.261300086975098,
        3.906899929046631,
        3.2778000831604004,
        2.9600000381469727
      ],
      "predicted_x": [
        3.829847812652588,
        4.214577674865723,
        3.918870687484741,
        3.2527451515197754,
        2.955963611602783
      ],
      "relative_errors": [
        0.005473299417644739,
        0.010964356362819672,
        0.00306400447152555,
        0.007643825374543667,
        0.0013636576477438211
      ],
      "best_nmse": 0.19262360728798503,
      "best_z_idx": 0
    },
    {
      "real_x": [
        3.982599973678589,
        4.536600112915039,
        3.9072999954223633,
        2.908900022506714,
        2.8355000019073486
      ],
      "predicted_x": [
        3.8360462188720703,
        4.574284076690674,
        4.27221155166626,
        2.950587034225464,
        2.850827217102051
      ],
      "relative_errors": [
        0.03679851070046425,
        0.00830665323883295,
        0.0933922529220581,
        0.014330850914120674,
        0.005405471660196781
      ],
      "best_nmse": 0.6616236425656729,
      "best_z_idx": 0
    },
    {
      "real_x": [
        3.6398000717163086,
        4.503799915313721,
        3.908099889755249,
        3.126199960708618,
        3.0002999305725098
      ],
      "predicted_x": [
        3.7426486015319824,
        4.443016529083252,
        4.129633903503418,
        3.100773572921753,
        3.013097047805786
      ],
      "relative_errors": [
        0.028256641700863838,
        0.013496022671461105,
        0.05668586120009422,
        0.008133321069180965,
        0.00426527950912714
      ],
      "best_nmse": 0.553406372034723,
      "best_z_idx": 0
    },
    {
      "real_x": [
        3.5485000610351562,
        4.321499824523926,
        3.90939998626709,
        3.0608999729156494,
        2.799099922180176
      ],
      "predicted_x": [
        3.4976511001586914,
        4.47181510925293,
        4.1532464027404785,
        2.937326431274414,
        2.719742774963379
      ],
      "relative_errors": [
        0.014329705387353897,
        0.03478312864899635,
        0.062374383211135864,
        0.04037163779139519,
        0.0283509511500597
      ],
      "best_nmse": 0.6582688280054759,
      "best_z_idx": 0
    }
  ]
}