{
  "total_samples": 5,
  "num_z_candidates": 500,
  "average_relative_error": 0.030922086909413338,
  "accuracy": 0.9690778851509094,
  "average_best_nmse": 0.9761111543787481,
  "nmse_statistics": {
    "min": 0.6939746781302099,
    "max": 1.3008876647755434,
    "mean": 0.9761111543787481,
    "std": 0.23158860426077335,
    "median": 0.9003467336279595
  },
  "detailed_results": [
    {
      "real_x": [
        3.756999969482422,
        4.552000045776367,
        4.125,
        3.114000082015991,
        2.8929998874664307
      ],
      "predicted_x": [
        3.756999969482422,
        4.552000045776367,
        4.125,
        3.114000082015991,
        2.8929998874664307
      ],
      "relative_errors": [
        0.0,
        0.0,
        0.0,
        0.0,
        0.0
      ],
      "best_nmse": 1.1886284129835218,
      "best_z_idx": 0
    },
    {
      "real_x": [
        3.809000015258789,
        4.261300086975098,
        3.906899929046631,
        3.2778000831604004,
        2.9600000381469727
      ],
      "predicted_x": [
        3.756999969482422,
        4.552000045776367,
        4.125,
        3.114000082015991,
        2.8929998874664307
      ],
      "relative_errors": [
        0.013651888817548752,
        0.06821861118078232,
        0.05582432821393013,
        0.0499725416302681,
        0.022635186091065407
      ],
      "best_nmse": 0.6939746781302099,
      "best_z_idx": 0
    },
    {
      "real_x": [
        3.982599973678589,
        4.536600112915039,
        3.9072999954223633,
        2.908900022506714,
        2.8355000019073486
      ],
      "predicted_x": [
        3.756999969482422,
        4.552000045776367,
        4.125,
        3.114000082015991,
        2.8929998874664307
      ],
      "relative_errors": [
        0.05664641410112381,
        0.0033945979084819555,
        0.055716224014759064,
        0.07050777226686478,
        0.02027856931090355
      ],
      "best_nmse": 0.9003467336279595,
      "best_z_idx": 0
    },
    {
      "real_x": [
        3.6398000717163086,
        4.503799915313721,
        3.908099889755249,
        3.126199960708618,
        3.0002999305725098
      ],
      "predicted_x": [
        3.756999969482422,
        4.552000045776367,
        4.125,
        3.114000082015991,
        2.8929998874664307
      ],
      "relative_errors": [
        0.032199542969465256,
        0.01070210337638855,
        0.05550014600157738,
        0.003902462776750326,
        0.03576310724020004
      ],
      "best_nmse": 0.7967182823765055,
      "best_z_idx": 0
    },
    {
      "real_x": [
        3.5485000610351562,
        4.321499824523926,
        3.90939998626709,
        3.0608999729156494,
        2.799099922180176
      ],
      "predicted_x": [
        3.756999969482422,
        4.552000045776367,
        4.125,
        3.114000082015991,
        2.8929998874664307
      ],
      "relative_errors": [
        0.05875719338655472,
        0.05333801358938217,
        0.0551491305232048,
        0.017347874119877815,
        0.033546485006809235
      ],
      "best_nmse": 1.3008876647755434,
      "best_z_idx": 0
    }
  ]
}